user,first_name,rating
1,Voltsillam,1
2,Solarbreeze,3
3,Tin,3
4,Keylex,1
5,Lotlux,4
6,Stringtough,3
7,Konklab,2
8,Tin,3
9,It,0
10,Quo Lux,2
11,Viva,0
12,Fix San,2
13,Lotstring,2
14,Gembucket,4
15,Home Ing,5
16,Vagram,4
17,Quo Lux,3
18,Trippledex,2
19,Solarbreeze,0
20,Temp,1
21,Sub-Ex,3
22,It,2
23,Kanlam,5
24,Alpha,4
25,Latlux,0
26,Voltsillam,3
27,Mat Lam Tam,3
28,Viva,1
29,Overhold,5
30,Hatity,3
31,Zontrax,5
32,Sonsing,1
33,Cardify,3
34,Sonsing,4
35,Zoolab,0
36,Zathin,3
37,Trippledex,5
38,Zathin,0
39,Regrant,3
40,Andalax,5
41,Namfix,4
42,Alphazap,1
43,Keylex,3
44,Bitwolf,1
45,Y-Solowarm,4
46,Fix San,0
47,Kanlam,4
48,Treeflex,2
49,Treeflex,1
50,Ventosanzap,3
51,Transcof,0
52,Vagram,2
53,Zaam-Dox,2
54,Overhold,4
55,Holdlamis,3
56,Prodder,3
57,Span,1
58,Toughjoyfax,4
59,Sonsing,2
60,Treeflex,5
61,Bamity,4
62,Sonsing,4
63,Rank,1
64,Domainer,4
65,Voyatouch,5
66,Asoka,5
67,Kanlam,2
68,Fixflex,3
69,Bitwolf,1
70,Y-find,5
71,Greenlam,4
72,Fintone,5
73,Y-Solowarm,0
74,Mat Lam Tam,4
75,Ronstring,2
76,Subin,1
77,Veribet,1
78,Tres-Zap,3
79,Solarbreeze,5
80,Domainer,3
81,Home Ing,3
82,Konklux,2
83,Tampflex,5
84,Regrant,0
85,Voltsillam,4
86,Solarbreeze,4
87,Hatity,0
88,Kanlam,1
89,Bytecard,4
90,Andalax,0
91,Trippledex,2
92,Gembucket,4
93,Quo Lux,4
94,Fix San,1
95,Job,0
96,Stringtough,2
97,Alpha,5
98,Andalax,0
99,Prodder,0
100,Biodex,2
101,Flexidy,1
102,Gembucket,4
103,It,4
104,Lotlux,0
105,Veribet,4
106,Fix San,4
107,Namfix,3
108,Otcom,5
109,Bigtax,3
110,Subin,1
111,Tresom,1
112,Bytecard,3
113,Fixflex,3
114,Fix San,5
115,Alphazap,1
116,Greenlam,5
117,Tempsoft,3
118,Mat Lam Tam,1
119,Wrapsafe,5
120,Stim,1
121,Overhold,5
122,Tresom,3
123,Tres-Zap,4
124,Sonair,5
125,Ronstring,3
126,Home Ing,3
127,Alpha,0
128,Kanlam,4
129,Hatity,2
130,Pannier,3
131,Solarbreeze,0
132,Regrant,4
133,Andalax,1
134,Trippledex,0
135,Andalax,5
136,Hatity,2
137,Otcom,1
138,Voyatouch,2
139,Vagram,3
140,Cardify,4
141,Matsoft,4
142,Rank,5
143,Biodex,3
144,Lotlux,4
145,Stronghold,2
146,Alpha,3
147,Bigtax,3
148,Latlux,0
149,Holdlamis,3
150,Tempsoft,4
151,Bitwolf,3
152,Flowdesk,2
153,Temp,4
154,Y-Solowarm,5
155,Voltsillam,3
156,Zamit,0
157,Fix San,2
158,Redhold,5
159,Stim,0
160,Matsoft,5
161,Alphazap,4
162,Quo Lux,2
163,Bitwolf,5
164,Subin,3
165,Wrapsafe,2
166,Gembucket,5
167,Ronstring,2
168,Stim,4
169,Zoolab,2
170,Aerified,5
171,Opela,0
172,Viva,2
173,Konklab,4
174,Overhold,2
175,Fix San,3
176,Alpha,5
177,Namfix,0
178,Quo Lux,2
179,Subin,3
180,Aerified,0
181,Pannier,3
182,Bigtax,2
183,Andalax,2
184,Kanlam,2
185,Andalax,2
186,Hatity,0
187,Bigtax,5
188,Stronghold,3
189,Regrant,0
190,Stim,3
191,Veribet,4
192,Fix San,3
193,Bytecard,2
194,Greenlam,4
195,Fintone,5
196,Transcof,0
197,Gembucket,2
198,Tres-Zap,4
199,Zontrax,1
200,Ronstring,0
201,Tresom,2
202,Alpha,4
203,Andalax,1
204,Fixflex,5
205,Flexidy,5
206,Otcom,1
207,Alphazap,3
208,Asoka,4
209,Zathin,4
210,Gembucket,3
211,Keylex,2
212,Daltfresh,1
213,Toughjoyfax,0
214,Treeflex,5
215,Latlux,2
216,Aerified,2
217,Mat Lam Tam,4
218,Sub-Ex,0
219,Cardify,2
220,Zathin,3
221,Alphazap,5
222,Rank,3
223,Regrant,5
224,Tin,1
225,Alpha,1
226,Daltfresh,2
227,Keylex,5
228,Trippledex,0
229,Stringtough,5
230,Hatity,4
231,Wrapsafe,2
232,Sonair,4
233,Ronstring,2
234,Daltfresh,5
235,Trippledex,5
236,Flexidy,1
237,Ronstring,4
238,Subin,0
239,Toughjoyfax,3
240,Hatity,1
241,Zamit,2
242,Quo Lux,4
243,Gembucket,2
244,Temp,2
245,Flexidy,5
246,Transcof,4
247,Veribet,1
248,Daltfresh,3
249,Cookley,1
250,Matsoft,1
251,Holdlamis,1
252,Toughjoyfax,1
253,Konklux,4
254,Holdlamis,5
255,Y-find,4
256,Job,2
257,Span,1
258,Tin,3
259,Fixflex,2
260,Asoka,0
261,Veribet,1
262,Hatity,5
263,Toughjoyfax,5
264,Y-Solowarm,5
265,Asoka,4
266,Konklux,3
267,Asoka,0
268,Zaam-Dox,4
269,Konklab,1
270,Domainer,3
271,Home Ing,2
272,Zoolab,5
273,Kanlam,0
274,Vagram,4
275,Fintone,0
276,Alpha,4
277,Transcof,0
278,Namfix,0
279,Rank,2
280,Biodex,1
281,Cardify,2
282,Sub-Ex,1
283,Tempsoft,3
284,Sub-Ex,4
285,Tempsoft,5
286,Voyatouch,4
287,Quo Lux,1
288,Pannier,5
289,Stim,3
290,Biodex,3
291,Viva,1
292,Hatity,0
293,Ronstring,3
294,Tresom,4
295,Aerified,0
296,Stringtough,0
297,Hatity,5
298,Regrant,2
299,Matsoft,5
300,Stringtough,3
301,Opela,3
302,Solarbreeze,5
303,Ventosanzap,2
304,Solarbreeze,1
305,Biodex,5
306,Holdlamis,2
307,Ventosanzap,3
308,Zontrax,3
309,Alphazap,5
310,Gembucket,0
311,Sonair,2
312,Flexidy,3
313,Alphazap,1
314,Fintone,2
315,Flowdesk,2
316,Bitwolf,4
317,Flowdesk,5
318,Stringtough,1
319,Fixflex,2
320,Bitchip,3
321,Ronstring,1
322,It,0
323,Asoka,2
324,Tin,3
325,Konklab,1
326,Zamit,4
327,Trippledex,4
328,It,3
329,Subin,0
330,Y-find,0
331,Duobam,0
332,Alphazap,0
333,Redhold,0
334,Tresom,2
335,Temp,3
336,Overhold,1
337,Andalax,1
338,Wrapsafe,4
339,Bytecard,0
340,Prodder,0
341,Viva,3
342,Prodder,3
343,Alphazap,4
344,Overhold,4
345,Tampflex,0
346,Zaam-Dox,4
347,Job,2
348,Keylex,0
349,It,5
350,Aerified,4
351,Bigtax,5
352,Tempsoft,2
353,Flowdesk,4
354,Pannier,5
355,Y-find,2
356,Zathin,5
357,Zathin,2
358,Alphazap,1
359,Namfix,4
360,Sonsing,5
361,Veribet,4
362,Transcof,1
363,Rank,5
364,Tampflex,3
365,Tempsoft,4
366,Alphazap,0
367,Redhold,1
368,Subin,4
369,Tres-Zap,2
370,It,0
371,Zontrax,2
372,Andalax,0
373,Subin,1
374,Namfix,0
375,Matsoft,3
376,Latlux,2
377,Voyatouch,3
378,Alphazap,1
379,Wrapsafe,4
380,Fix San,2
381,Viva,1
382,Tampflex,4
383,Y-find,5
384,Tresom,5
385,Ventosanzap,4
386,Sonair,4
387,Treeflex,4
388,Bamity,1
389,Stringtough,3
390,Sonsing,3
391,Greenlam,2
392,Tin,1
393,Domainer,1
394,Fintone,0
395,Flowdesk,0
396,Job,2
397,Bamity,5
398,Matsoft,5
399,Vagram,3
400,Transcof,3
401,Cardguard,4
402,Prodder,4
403,Cardify,2
404,Keylex,1
405,Aerified,4
406,Overhold,0
407,Alpha,5
408,Vagram,3
409,Fix San,3
410,Cookley,2
411,Domainer,5
412,Pannier,0
413,Voyatouch,2
414,Bigtax,2
415,Transcof,5
416,Subin,0
417,Asoka,2
418,Sub-Ex,1
419,Fixflex,2
420,Keylex,1
421,Voyatouch,4
422,Bitchip,3
423,Zamit,2
424,Asoka,4
425,Lotstring,4
426,Mat Lam Tam,0
427,Regrant,2
428,Vagram,1
429,Zathin,2
430,Lotlux,4
431,Domainer,4
432,Voyatouch,0
433,Cardguard,4
434,Cardguard,0
435,Rank,3
436,Bigtax,3
437,Regrant,2
438,Viva,1
439,It,3
440,Andalax,1
441,Span,1
442,Bamity,2
443,Bamity,1
444,Pannier,2
445,Namfix,3
446,Transcof,4
447,Bitchip,5
448,Fix San,5
449,Bitchip,0
450,Fintone,0
451,Transcof,4
452,Keylex,5
453,Tres-Zap,0
454,Bitchip,0
455,Vagram,0
456,Greenlam,1
457,Y-find,1
458,Namfix,3
459,Fix San,4
460,It,5
461,Rank,1
462,Tampflex,0
463,Cookley,1
464,Alphazap,3
465,Domainer,5
466,Latlux,0
467,Veribet,2
468,Sub-Ex,4
469,Stronghold,4
470,Veribet,1
471,Daltfresh,0
472,Keylex,0
473,Zamit,0
474,Gembucket,4
475,Flexidy,1
476,It,5
477,Y-Solowarm,1
478,Zamit,2
479,Flowdesk,3
480,Voltsillam,4
481,Sub-Ex,5
482,Mat Lam Tam,1
483,Pannier,2
484,Greenlam,1
485,Overhold,2
486,Asoka,1
487,Alpha,4
488,Sub-Ex,4
489,Zoolab,1
490,Cardguard,2
491,Fix San,3
492,Overhold,4
493,Cardguard,0
494,Cardguard,3
495,Y-find,2
496,Regrant,5
497,It,2
498,Flowdesk,0
499,Tin,2
500,Tresom,5
501,Regrant,2
502,Fix San,2
503,Latlux,1
504,Transcof,2
505,Asoka,2
506,Voyatouch,5
507,Matsoft,0
508,Sonair,5
509,Namfix,2
510,Sonsing,1
511,Mat Lam Tam,0
512,Namfix,0
513,It,3
514,Fix San,5
515,It,0
516,Subin,1
517,Mat Lam Tam,3
518,Home Ing,5
519,Cookley,4
520,Zamit,0
521,Treeflex,3
522,Bamity,0
523,Temp,1
524,Zaam-Dox,2
525,Zaam-Dox,1
526,Redhold,4
527,Veribet,5
528,Aerified,4
529,Sub-Ex,5
530,Zathin,4
531,Andalax,5
532,Toughjoyfax,0
533,Otcom,4
534,Holdlamis,5
535,Zontrax,3
536,Toughjoyfax,5
537,It,2
538,Voltsillam,4
539,Subin,4
540,Holdlamis,4
541,Zaam-Dox,1
542,Rank,3
543,It,1
544,Zamit,4
545,Ventosanzap,4
546,Lotstring,1
547,Veribet,0
548,Quo Lux,3
549,Latlux,5
550,Regrant,0
551,Stringtough,4
552,It,0
553,Holdlamis,2
554,Prodder,5
555,Redhold,5
556,Voltsillam,2
557,Treeflex,5
558,Zamit,0
559,Stringtough,3
560,Matsoft,0
561,Flexidy,2
562,Ventosanzap,2
563,Redhold,4
564,Matsoft,5
565,Pannier,1
566,Duobam,4
567,Home Ing,1
568,Holdlamis,0
569,Flowdesk,4
570,Holdlamis,0
571,Alpha,2
572,Sonsing,3
573,Ronstring,2
574,Redhold,5
575,Cookley,1
576,Subin,0
577,Viva,3
578,Konklux,4
579,Daltfresh,4
580,Namfix,2
581,Asoka,4
582,Temp,0
583,Bitwolf,1
584,Hatity,2
585,Bigtax,3
586,Span,0
587,Holdlamis,1
588,Vagram,3
589,Toughjoyfax,2
590,Job,4
591,Wrapsafe,0
592,Namfix,1
593,Opela,4
594,Sub-Ex,3
595,Biodex,5
596,Voyatouch,3
597,Alphazap,5
598,Bitwolf,0
599,Transcof,5
600,Ventosanzap,5
601,Opela,2
602,Fintone,3
603,Sub-Ex,4
604,Zoolab,2
605,Fix San,4
606,Flexidy,4
607,Tresom,4
608,Andalax,4
609,Tampflex,5
610,Fix San,1
611,Flowdesk,0
612,Ronstring,5
613,Tempsoft,4
614,Bitwolf,2
615,Alphazap,2
616,Kanlam,5
617,Prodder,2
618,Flowdesk,0
619,Toughjoyfax,2
620,Aerified,3
621,Lotstring,2
622,Konklab,1
623,Vagram,2
624,It,1
625,Cardify,1
626,Transcof,1
627,Stronghold,5
628,Sub-Ex,4
629,Y-Solowarm,5
630,Biodex,5
631,Stronghold,1
632,Tin,5
633,Flowdesk,0
634,Domainer,2
635,Transcof,3
636,Cookley,0
637,Konklab,4
638,Domainer,1
639,Keylex,2
640,Voltsillam,1
641,Wrapsafe,4
642,Veribet,2
643,Sub-Ex,0
644,Tresom,1
645,Fixflex,3
646,Alpha,3
647,Keylex,0
648,Zontrax,4
649,Stronghold,3
650,Kanlam,1
651,Bamity,3
652,Wrapsafe,5
653,Bytecard,3
654,Vagram,3
655,Greenlam,0
656,Lotstring,4
657,Bamity,4
658,Cookley,1
659,Cookley,4
660,Zoolab,5
661,Solarbreeze,4
662,Sub-Ex,0
663,Tres-Zap,4
664,Cardguard,5
665,Zontrax,5
666,Viva,2
667,Kanlam,2
668,Job,0
669,Tampflex,0
670,Rank,0
671,Solarbreeze,4
672,Lotlux,2
673,Trippledex,0
674,Job,3
675,Bigtax,0
676,Tempsoft,4
677,Overhold,4
678,Stim,0
679,Bytecard,1
680,Asoka,1
681,Sonsing,1
682,Zamit,2
683,Voyatouch,2
684,Andalax,0
685,Lotstring,0
686,Tin,2
687,Bitwolf,2
688,Rank,2
689,Solarbreeze,4
690,Tempsoft,2
691,Lotstring,0
692,Gembucket,1
693,Temp,3
694,Alpha,5
695,Sonsing,1
696,Fix San,5
697,Rank,3
698,Zamit,4
699,Y-find,3
700,Namfix,2
701,Cookley,4
702,Otcom,3
703,Home Ing,0
704,Tres-Zap,1
705,Cardguard,0
706,Biodex,5
707,Bitwolf,2
708,Cookley,3
709,Vagram,2
710,Duobam,2
711,Vagram,0
712,Cardify,5
713,Temp,0
714,Domainer,5
715,Lotlux,4
716,Rank,0
717,Biodex,1
718,Otcom,3
719,Quo Lux,5
720,Namfix,0
721,Voltsillam,3
722,Subin,2
723,Stronghold,3
724,Stringtough,3
725,Duobam,5
726,Opela,2
727,Mat Lam Tam,5
728,Subin,1
729,Aerified,4
730,Span,5
731,Matsoft,0
732,Keylex,4
733,Greenlam,3
734,Cardguard,4
735,Job,0
736,Subin,0
737,Aerified,2
738,Y-find,4
739,Zontrax,0
740,Bitwolf,0
741,Daltfresh,5
742,Daltfresh,3
743,Zamit,4
744,Zathin,2
745,Tempsoft,3
746,Zoolab,1
747,Zontrax,3
748,Bigtax,2
749,Tresom,5
750,Greenlam,0
751,Andalax,2
752,Cookley,2
753,Zaam-Dox,4
754,Treeflex,5
755,Sonsing,1
756,Toughjoyfax,0
757,Tresom,1
758,Ronstring,4
759,Zamit,1
760,Andalax,5
761,Andalax,5
762,Biodex,3
763,Fixflex,2
764,Latlux,0
765,Tres-Zap,4
766,Keylex,4
767,Zamit,5
768,Subin,3
769,Bytecard,4
770,Lotstring,0
771,Sonair,2
772,Cardguard,3
773,Biodex,0
774,Holdlamis,5
775,Andalax,1
776,Tres-Zap,3
777,Stringtough,1
778,Kanlam,0
779,Stim,4
780,Konklab,0
781,Trippledex,4
782,Flexidy,5
783,Tempsoft,4
784,Y-find,3
785,Ventosanzap,0
786,Voyatouch,2
787,Home Ing,2
788,Lotstring,2
789,Konklab,5
790,It,2
791,Rank,4
792,Matsoft,0
793,Job,5
794,Quo Lux,0
795,Viva,2
796,Sonair,0
797,Sonair,5
798,Konklux,4
799,Span,4
800,Subin,0
801,Zontrax,5
802,Flexidy,3
803,Opela,4
804,Fintone,4
805,Biodex,1
806,Rank,1
807,Namfix,4
808,Keylex,2
809,Stim,3
810,Voltsillam,3
811,Duobam,0
812,Flexidy,1
813,Cardify,1
814,Stim,5
815,Zamit,0
816,Wrapsafe,3
817,Opela,2
818,Kanlam,4
819,Tempsoft,3
820,Alpha,2
821,Voyatouch,2
822,Fixflex,0
823,Lotlux,5
824,Vagram,1
825,Matsoft,3
826,Span,2
827,It,5
828,Stim,5
829,Temp,3
830,Flexidy,4
831,Lotstring,5
832,Voyatouch,1
833,Zontrax,4
834,Tin,3
835,Flexidy,4
836,It,5
837,Fixflex,2
838,Flowdesk,1
839,Overhold,0
840,Kanlam,1
841,Zaam-Dox,0
842,Latlux,5
843,Cardify,0
844,Zathin,2
845,Matsoft,2
846,Konklux,0
847,Domainer,4
848,Holdlamis,1
849,Hatity,1
850,Y-Solowarm,3
851,Biodex,1
852,Otcom,5
853,Voyatouch,0
854,Bitchip,4
855,Vagram,3
856,Biodex,4
857,It,1
858,Stronghold,4
859,Keylex,3
860,It,0
861,Cardguard,5
862,Wrapsafe,1
863,Hatity,2
864,Aerified,5
865,Rank,5
866,Latlux,0
867,Asoka,1
868,Opela,2
869,Transcof,5
870,Y-find,3
871,Stim,1
872,Lotstring,4
873,Tempsoft,1
874,Bitwolf,3
875,Lotstring,5
876,Y-Solowarm,3
877,Fix San,4
878,Sonsing,1
879,Zoolab,3
880,Fix San,2
881,Cookley,0
882,Lotlux,3
883,Greenlam,3
884,Lotlux,0
885,Flowdesk,4
886,Daltfresh,1
887,Zathin,4
888,Veribet,4
889,Asoka,2
890,Temp,2
891,Treeflex,4
892,Domainer,5
893,Namfix,4
894,Greenlam,0
895,Treeflex,3
896,Tampflex,4
897,Cookley,1
898,Ventosanzap,1
899,Home Ing,5
900,Fintone,4
901,Ventosanzap,4
902,Ronstring,5
903,It,5
904,Fintone,0
905,Zamit,3
906,Stronghold,2
907,Pannier,2
908,Flexidy,3
909,Tampflex,5
910,Fix San,5
911,Ronstring,2
912,Quo Lux,5
913,Alphazap,5
914,Rank,5
915,Fintone,0
916,Aerified,2
917,Alphazap,5
918,Veribet,1
919,Tampflex,0
920,Cookley,1
921,Konklux,2
922,Aerified,5
923,Vagram,5
924,Bigtax,2
925,Fintone,0
926,Regrant,4
927,Zoolab,5
928,Zaam-Dox,5
929,Alphazap,0
930,Latlux,5
931,Gembucket,5
932,Subin,3
933,Tampflex,5
934,Redhold,1
935,Ventosanzap,2
936,Otcom,2
937,Zoolab,3
938,Stim,1
939,Zamit,3
940,Fix San,5
941,Stronghold,3
942,Lotlux,0
943,Flowdesk,5
944,Sonsing,1
945,Fintone,2
946,Pannier,4
947,Hatity,2
948,Ventosanzap,3
949,Prodder,1
950,Alpha,3
951,Y-find,4
952,Solarbreeze,0
953,Holdlamis,4
954,Andalax,3
955,Matsoft,5
956,Mat Lam Tam,2
957,Alphazap,2
958,Hatity,2
959,Aerified,5
960,Alphazap,3
961,Rank,3
962,Sub-Ex,4
963,Stronghold,5
964,Cardguard,2
965,Andalax,0
966,Bytecard,3
967,Mat Lam Tam,1
968,Sub-Ex,0
969,Stim,5
970,Stim,0
971,Andalax,0
972,Stim,0
973,Tres-Zap,2
974,It,0
975,Konklab,5
976,Tin,4
977,Trippledex,4
978,Mat Lam Tam,5
979,Zathin,4
980,Keylex,3
981,Solarbreeze,1
982,Tresom,5
983,Konklux,5
984,Opela,3
985,Wrapsafe,3
986,Tempsoft,3
987,Y-Solowarm,2
988,Subin,0
989,Zontrax,5
990,Transcof,5
991,Subin,3
992,Overhold,4
993,Viva,0
994,Y-Solowarm,2
995,Wrapsafe,0
996,Biodex,0
997,Cookley,2
998,Konklab,3
999,Job,3
1000,Tin,3
